{"--sds-c-checkbox-toggle-color-border":{"fallbackValue":"#b0adab","category":"Color","valueType":"Color"},"--sds-c-checkbox-toggle-color-background":{"fallbackValue":"#b0adab","category":"Color","valueType":"Color"},"--sds-c-checkbox-toggle-radius-border":{"fallbackValue":"15rem","category":"Radius","valueType":"Dimension"},"--sds-c-checkbox-toggle-shadow":{"fallbackValue":"","category":"Box Shadow","valueType":"String"},"--sds-c-checkbox-toggle-color-background-hover":{"fallbackValue":"#969492","category":"Color","valueType":"Color"},"--sds-c-checkbox-toggle-switch-color-background":{"fallbackValue":"white","category":"Color","valueType":"Color"},"--sds-c-checkbox-toggle-color-background-focus":{"fallbackValue":"#969492","category":"Color","valueType":"Color"},"--sds-c-checkbox-toggle-color-border-focus":{"fallbackValue":"#1b96ff","category":"Color","valueType":"Color"},"--sds-c-checkbox-toggle-shadow-focus":{"fallbackValue":"0 0 3px #0176d3","category":"Box Shadow","valueType":"String"},"--sds-c-checkbox-toggle-color-border-checked":{"fallbackValue":"#0176d3","category":"Color","valueType":"Color"},"--sds-c-checkbox-toggle-color-background-checked":{"fallbackValue":"#0176d3","category":"Color","valueType":"Color"},"--sds-c-checkbox-toggle-color-background-checked-hover":{"fallbackValue":"#014486","category":"Color","valueType":"Color"},"--sds-c-checkbox-toggle-switch-color-background-checked":{"fallbackValue":"var(--sds-c-checkbox-toggle-switch-color-background, white)","category":"Color","valueType":"Color"},"--sds-c-checkbox-toggle-mark-color-foreground":{"fallbackValue":"white","category":"Color","valueType":"Color"},"--sds-c-checkbox-toggle-color-background-checked-focus":{"fallbackValue":"#014486","category":"Color","valueType":"Color"}}