{"--sds-c-alert-spacing-block-start":{"fallbackValue":"0.5rem","category":"Spacing","valueType":"Dimension"},"--sds-c-alert-spacing-inline-end":{"fallbackValue":"2rem","category":"Spacing","valueType":"Dimension"},"--sds-c-alert-spacing-block-end":{"fallbackValue":"0.5rem","category":"Spacing","valueType":"Dimension"},"--sds-c-alert-spacing-inline-start":{"fallbackValue":"0.5rem","category":"Spacing","valueType":"Dimension"},"--sds-c-alert-text-color":{"fallbackValue":"white"},"--sds-c-alert-font-weight":{"fallbackValue":"","category":"Text","valueType":"StringNumber"},"--sds-c-alert-color-background":{"fallbackValue":"#706e6b","category":"Color","valueType":"Color"},"--sds-c-alert-image-background":{"fallbackValue":"linear-gradient(45deg, rgba(0, 0, 0, 0.025) 25%, transparent 25%, transparent 50%, rgba(0, 0, 0, 0.025) 50%, rgba(0, 0, 0, 0.025) 75%, transparent 75%, transparent)"},"--sds-c-alert-size-background":{"fallbackValue":"64px 64px"},"--sds-c-alert-text-color-active":{"fallbackValue":"rgba(255, 255, 255, 0.5)"}}