{"--sds-c-button-neutral-color-background":{"fallbackValue":"white","category":"Color","valueType":"Color"},"--sds-c-button-neutral-color-border-hover":{"fallbackValue":"#dddbda","category":"Color","valueType":"Color"},"--sds-c-button-neutral-color-background-active":{"fallbackValue":"#f3f2f2","category":"Color","valueType":"Color"},"--sds-c-button-spacing-block-start":{"fallbackValue":"0","category":"Spacing","valueType":"Dimension"},"--sds-c-button-text-color-hover":{"fallbackValue":"#014486"},"--sds-c-button-brand-color-background":{"fallbackValue":"#0176d3","category":"Color","valueType":"Color"},"--sds-c-button-neutral-color-background-hover":{"fallbackValue":"#fafaf9","category":"Color","valueType":"Color"},"--sds-c-button-brand-color-border-hover":{"fallbackValue":"#014486","category":"Color","valueType":"Color"},"--sds-c-button-outline-brand-color-background":{"fallbackValue":"white","category":"Color","valueType":"Color"},"--sds-c-button-brand-spacing-inline-start":{"fallbackValue":"1rem","category":"Spacing","valueType":"Dimension"},"--sds-c-button-brand-spacing-inline-end":{"fallbackValue":"1rem","category":"Spacing","valueType":"Dimension"},"--sds-c-button-brand-color-border":{"fallbackValue":"#0176d3","category":"Color","valueType":"Color"},"--sds-c-button-brand-text-color":{"fallbackValue":"white"},"--sds-c-button-brand-color-background-hover":{"fallbackValue":"#014486","category":"Color","valueType":"Color"},"--sds-c-button-brand-text-color-hover":{"fallbackValue":"white"},"--sds-c-button-spacing-inline-end":{"fallbackValue":"0","category":"Spacing","valueType":"Dimension"},"--sds-c-button-spacing-block-end":{"fallbackValue":"0","category":"Spacing","valueType":"Dimension"},"--sds-c-button-spacing-inline-start":{"fallbackValue":"0","category":"Spacing","valueType":"Dimension"},"--sds-c-button-color-background":{"fallbackValue":"transparent","category":"Color","valueType":"Color"},"--sds-c-button-color-border":{"fallbackValue":"transparent","category":"Color","valueType":"Color"},"--sds-c-button-sizing-border":{"fallbackValue":"1px","category":"Sizing","valueType":"Dimension"},"--sds-c-button-radius-border":{"fallbackValue":"0.25rem","category":"Radius","valueType":"Dimension"},"--sds-c-button-shadow":{"fallbackValue":"","category":"Box Shadow","valueType":"String"},"--sds-c-button-line-height":{"fallbackValue":"1.875rem","category":"Text","valueType":"Number"},"--sds-c-button-text-color":{"fallbackValue":"#0176d3"},"--sds-c-button-shadow-focus":{"fallbackValue":"0 0 3px #0176d3","category":"Box Shadow","valueType":"String"},"--sds-c-button-text-color-active":{"fallbackValue":"#014486"},"--sds-c-button-inverse-shadow-focus":{"fallbackValue":"0 0 3px #ecebea","category":"Box Shadow","valueType":"String"},"--sds-c-button-inverse-color-border-focus":{"fallbackValue":"#ecebea","category":"Color","valueType":"Color"},"--sds-c-button-neutral-spacing-inline-start":{"fallbackValue":"1rem","category":"Spacing","valueType":"Dimension"},"--sds-c-button-neutral-spacing-inline-end":{"fallbackValue":"1rem","category":"Spacing","valueType":"Dimension"},"--sds-c-button-neutral-color-border":{"fallbackValue":"#dddbda","category":"Color","valueType":"Color"},"--sds-c-button-neutral-color-border-active":{"fallbackValue":"#dddbda","category":"Color","valueType":"Color"},"--sds-c-button-brand-color-background-active":{"fallbackValue":"#014486","category":"Color","valueType":"Color"},"--sds-c-button-brand-color-border-active":{"fallbackValue":"#014486","category":"Color","valueType":"Color"},"--sds-c-button-brand-text-color-active":{"fallbackValue":"white"},"--sds-c-button-outline-brand-spacing-inline-start":{"fallbackValue":"1rem","category":"Spacing","valueType":"Dimension"},"--sds-c-button-outline-brand-spacing-inline-end":{"fallbackValue":"1rem","category":"Spacing","valueType":"Dimension"},"--sds-c-button-outline-brand-color-border":{"fallbackValue":"#0176d3","category":"Color","valueType":"Color"},"--sds-c-button-outline-brand-color-background-hover":{"fallbackValue":"#fafaf9","category":"Color","valueType":"Color"},"--sds-c-button-outline-brand-color-border-hover":{"fallbackValue":"#0176d3","category":"Color","valueType":"Color"},"--sds-c-button-outline-brand-color-background-active":{"fallbackValue":"#f3f2f2","category":"Color","valueType":"Color"},"--sds-c-button-outline-brand-color-border-active":{"fallbackValue":"#0176d3","category":"Color","valueType":"Color"},"--sds-c-button-inverse-spacing-inline-start":{"fallbackValue":"1rem","category":"Spacing","valueType":"Dimension"},"--sds-c-button-inverse-spacing-inline-end":{"fallbackValue":"1rem","category":"Spacing","valueType":"Dimension"},"--sds-c-button-inverse-color-background":{"fallbackValue":"rgba(0, 0, 0, 0)","category":"Color","valueType":"Color"},"--sds-c-button-inverse-color-border":{"fallbackValue":"#dddbda","category":"Color","valueType":"Color"},"--sds-c-button-inverse-color-background-hover":{"fallbackValue":"#fafaf9","category":"Color","valueType":"Color"},"--sds-c-button-inverse-color-border-hover":{"fallbackValue":"#dddbda","category":"Color","valueType":"Color"},"--sds-c-button-inverse-color-background-active":{"fallbackValue":"#fafaf9","category":"Color","valueType":"Color"},"--sds-c-button-inverse-color-border-active":{"fallbackValue":"#dddbda","category":"Color","valueType":"Color"},"--sds-c-button-inverse-text-color":{"fallbackValue":"#ecebea"},"--sds-c-button-inverse-text-color-active":{"fallbackValue":"#0176d3"},"--sds-c-button-destructive-spacing-inline-start":{"fallbackValue":"1rem","category":"Spacing","valueType":"Dimension"},"--sds-c-button-destructive-spacing-inline-end":{"fallbackValue":"1rem","category":"Spacing","valueType":"Dimension"},"--sds-c-button-destructive-color-background":{"fallbackValue":"#ba0517","category":"Color","valueType":"Color"},"--sds-c-button-destructive-color-border":{"fallbackValue":"#ba0517","category":"Color","valueType":"Color"},"--sds-c-button-destructive-text-color":{"fallbackValue":"white"},"--sds-c-button-destructive-color-background-hover":{"fallbackValue":"#ba0517","category":"Color","valueType":"Color"},"--sds-c-button-destructive-color-border-hover":{"fallbackValue":"#ba0517","category":"Color","valueType":"Color"},"--sds-c-button-destructive-text-color-hover":{"fallbackValue":"white"},"--sds-c-button-destructive-color-background-active":{"fallbackValue":"#8e030f","category":"Color","valueType":"Color"},"--sds-c-button-destructive-color-border-active":{"fallbackValue":"#8e030f","category":"Color","valueType":"Color"},"--sds-c-button-destructive-text-color-active":{"fallbackValue":"white"},"--sds-c-button-text-destructive-spacing-inline-start":{"fallbackValue":"1rem","category":"Spacing","valueType":"Dimension"},"--sds-c-button-text-destructive-spacing-inline-end":{"fallbackValue":"1rem","category":"Spacing","valueType":"Dimension"},"--sds-c-button-text-destructive-color-background":{"fallbackValue":"white","category":"Color","valueType":"Color"},"--sds-c-button-text-destructive-color-border":{"fallbackValue":"#dddbda","category":"Color","valueType":"Color"},"--sds-c-button-text-destructive-text-color":{"fallbackValue":"#ea001e"},"--sds-c-button-text-destructive-color-background-hover":{"fallbackValue":"#fafaf9","category":"Color","valueType":"Color"},"--sds-c-button-text-destructive-color-border-hover":{"fallbackValue":"#dddbda","category":"Color","valueType":"Color"},"--sds-c-button-text-destructive-text-color-hover":{"fallbackValue":"#ba0517"},"--sds-c-button-text-destructive-color-background-active":{"fallbackValue":"#f3f2f2","category":"Color","valueType":"Color"},"--sds-c-button-text-destructive-color-border-active":{"fallbackValue":"#dddbda","category":"Color","valueType":"Color"},"--sds-c-button-text-destructive-text-color-active":{"fallbackValue":"#ba0517"},"--sds-c-button-success-spacing-inline-start":{"fallbackValue":"1rem","category":"Spacing","valueType":"Dimension"},"--sds-c-button-success-spacing-inline-end":{"fallbackValue":"1rem","category":"Spacing","valueType":"Dimension"},"--sds-c-button-success-color-background":{"fallbackValue":"#45c65a","category":"Color","valueType":"Color"},"--sds-c-button-success-color-border":{"fallbackValue":"#91db8b","category":"Color","valueType":"Color"},"--sds-c-button-success-text-color":{"fallbackValue":"#080707"},"--sds-c-button-success-color-background-hover":{"fallbackValue":"#2e844a","category":"Color","valueType":"Color"},"--sds-c-button-success-color-border-hover":{"fallbackValue":"#2e844a","category":"Color","valueType":"Color"},"--sds-c-button-success-text-color-hover":{"fallbackValue":"white"},"--sds-c-button-success-color-background-active":{"fallbackValue":"#2e844a","category":"Color","valueType":"Color"},"--sds-c-button-success-color-border-active":{"fallbackValue":"#2e844a","category":"Color","valueType":"Color"},"--sds-c-button-success-text-color-active":{"fallbackValue":"white"}}