{"--sds-c-input-spacing-horizontal-end":{"fallbackValue":"1rem","category":"Spacing","valueType":"Dimension"},"--sds-c-input-spacing-horizontal-start":{"fallbackValue":"0.75rem","category":"Spacing","valueType":"Dimension"},"--sds-c-input-color-border":{"fallbackValue":"#dddbda","category":"Color","valueType":"Color"},"--sds-c-input-radius-border":{"fallbackValue":"0.25rem","category":"Radius","valueType":"Dimension"},"--sds-c-input-color-background":{"fallbackValue":"white","category":"Color","valueType":"Color"},"--sds-c-input-text-color":{"fallbackValue":""},"--sds-c-input-shadow":{"fallbackValue":"","category":"Box Shadow","valueType":"String"},"--sds-c-input-color-border-focus":{"fallbackValue":"#1b96ff","category":"Color","valueType":"Color"},"--sds-c-input-color-background-focus":{"fallbackValue":"var(--sds-c-input-color-background, white)","category":"Color","valueType":"Color"},"--sds-c-input-text-color-focus":{"fallbackValue":""},"--sds-c-input-shadow-focus":{"fallbackValue":"0 0 3px #0176d3","category":"Box Shadow","valueType":"String"}}