{"--sds-c-modal-radius-border":{"fallbackValue":"0.25rem","category":"Radius","valueType":"Dimension"},"--sds-c-modal-sizing-border":{"fallbackValue":"2px","category":"Sizing","valueType":"Dimension"},"--sds-c-modal-color-border":{"fallbackValue":"#dddbda","category":"Color","valueType":"Color"},"--sds-c-modal-header-color-background":{"fallbackValue":"var(--sds-c-modal-color-background, white)","category":"Color","valueType":"Color"},"--sds-c-modal-header-text-color":{"fallbackValue":"var(--sds-c-modal-text-color)"},"--sds-c-modal-header-spacing-block-start":{"fallbackValue":"1rem","category":"Spacing","valueType":"Dimension"},"--sds-c-modal-header-spacing-inline-end":{"fallbackValue":"1rem","category":"Spacing","valueType":"Dimension"},"--sds-c-modal-header-spacing-block-end":{"fallbackValue":"1rem","category":"Spacing","valueType":"Dimension"},"--sds-c-modal-header-spacing-inline-start":{"fallbackValue":"1rem","category":"Spacing","valueType":"Dimension"},"--sds-c-modal-heading-font-weight":{"fallbackValue":"","category":"Text","valueType":"StringNumber"},"--sds-c-modal-heading-font-size":{"fallbackValue":"1.25rem","category":"Font","valueType":"Dimension"},"--sds-c-modal-heading-line-height":{"fallbackValue":"1.25","category":"Text","valueType":"Number"},"--sds-c-modal-content-color-background":{"fallbackValue":"var(--sds-c-modal-color-background, white)","category":"Color","valueType":"Color"},"--sds-c-modal-content-text-color":{"fallbackValue":"var(--sds-c-modal-text-color)"},"--sds-c-modal-shadow":{"fallbackValue":"0 2px 3px 0 rgba(0, 0, 0, 0.16)","category":"Box Shadow","valueType":"String"},"--sds-c-modal-footer-color-background":{"fallbackValue":"var(--sds-c-modal-color-background, #f3f2f2)","category":"Color","valueType":"Color"},"--sds-c-modal-footer-text-color":{"fallbackValue":"var(--sds-c-modal-text-color)"},"--sds-c-modal-footer-spacing-block-start":{"fallbackValue":"0.75rem","category":"Spacing","valueType":"Dimension"},"--sds-c-modal-footer-spacing-inline-end":{"fallbackValue":"1rem","category":"Spacing","valueType":"Dimension"},"--sds-c-modal-footer-spacing-block-end":{"fallbackValue":"0.75rem","category":"Spacing","valueType":"Dimension"},"--sds-c-modal-footer-spacing-inline-start":{"fallbackValue":"1rem","category":"Spacing","valueType":"Dimension"},"--sds-c-backdrop-color-background":{"fallbackValue":"rgba(8, 7, 7, 0.6)","category":"Color","valueType":"Color"}}