{"--sds-c-radio-color-border":{"fallbackValue":"#dddbda","category":"Color","valueType":"Color"},"--sds-c-radio-color-background":{"fallbackValue":"white","category":"Color","valueType":"Color"},"--sds-c-radio-shadow":{"fallbackValue":"","category":"Box Shadow","valueType":"String"},"--sds-c-radio-color-border-checked":{"fallbackValue":"var(--sds-c-radio-color-border, #dddbda)","category":"Color","valueType":"Color"},"--sds-c-radio-color-background-checked":{"fallbackValue":"var(--sds-c-radio-color-background, white)","category":"Color","valueType":"Color"},"--sds-c-radio-mark-color-foreground":{"fallbackValue":"#0176d3","category":"Color","valueType":"Color"},"--sds-c-radio-color-border-focus":{"fallbackValue":"#1b96ff","category":"Color","valueType":"Color"},"--sds-c-radio-shadow-focus":{"fallbackValue":"0 0 3px #0176d3","category":"Box Shadow","valueType":"String"}}