{"--sds-c-badge-color-background":{"fallbackValue":"#ecebea","category":"Color","valueType":"Color"},"--sds-c-badge-sizing-border":{"fallbackValue":"1px","category":"Sizing","valueType":"Dimension"},"--sds-c-badge-color-border":{"fallbackValue":"transparent","category":"Color","valueType":"Color"},"--sds-c-badge-radius-border":{"fallbackValue":"15rem","category":"Radius","valueType":"Dimension"},"--sds-c-badge-font-size":{"fallbackValue":"0.75rem","category":"Font","valueType":"Dimension"},"--sds-c-badge-line-height":{"fallbackValue":"normal","category":"Text","valueType":"Number"},"--sds-c-badge-text-color":{"fallbackValue":"#080707"},"--sds-c-badge-inverse-color-background":{"fallbackValue":"#706e6b","category":"Color","valueType":"Color"},"--sds-c-badge-inverse-text-color":{"fallbackValue":"white"},"--sds-c-badge-lightest-color-background":{"fallbackValue":"white","category":"Color","valueType":"Color"},"--sds-c-badge-lightest-color-border":{"fallbackValue":"#dddbda","category":"Color","valueType":"Color"},"--sds-c-badge-icon-color-foreground":{"fallbackValue":"#706e6b","category":"Color","valueType":"Color"}}