{"--sds-c-tabs-list-sizing-border":{"fallbackValue":"2px) + 1px","category":"Sizing","valueType":"Dimension"},"--sds-c-tabs-list-color-border":{"fallbackValue":"#dddbda","category":"Color","valueType":"Color"},"--sds-c-tabs-item-text-color":{"fallbackValue":"#3e3e3c"},"--sds-c-tabs-item-spacing-block-start":{"fallbackValue":"var(--sds-c-tabs-item-spacing-block, 0)","category":"Spacing","valueType":"Dimension"},"--sds-c-tabs-item-spacing-inline-end":{"fallbackValue":"var(--sds-c-tabs-item-spacing-inline, 0.75rem)","category":"Spacing","valueType":"Dimension"},"--sds-c-tabs-item-spacing-block-end":{"fallbackValue":"var(--sds-c-tabs-item-spacing-block, 0)","category":"Spacing","valueType":"Dimension"},"--sds-c-tabs-item-spacing-inline-start":{"fallbackValue":"var(--sds-c-tabs-item-spacing-inline, 0.75rem)","category":"Spacing","valueType":"Dimension"},"--sds-c-tabs-item-text-color-active":{"fallbackValue":"#080707"},"--sds-c-tabs-item-color-border-active":{"fallbackValue":"#1b96ff","category":"Color","valueType":"Color"},"--sds-c-tabs-item-color-border-hover":{"fallbackValue":"#0176d3","category":"Color","valueType":"Color"},"--sds-c-tabs-item-sizing-height":{"fallbackValue":"2.5rem","category":"Sizing","valueType":"Dimension"},"--sds-c-tabs-item-line-height":{"fallbackValue":"2.5rem","category":"Text","valueType":"Number"},"--sds-c-tabs-panel-spacing-block-start":{"fallbackValue":"var(--sds-c-tabs-panel-spacing-block, 0.75rem)","category":"Spacing","valueType":"Dimension"},"--sds-c-tabs-panel-spacing-inline-end":{"fallbackValue":"var(--sds-c-tabs-panel-spacing-inline, 0)","category":"Spacing","valueType":"Dimension"},"--sds-c-tabs-panel-spacing-block-end":{"fallbackValue":"var(--sds-c-tabs-panel-spacing-block, 0.75rem)","category":"Spacing","valueType":"Dimension"},"--sds-c-tabs-panel-spacing-inline-start":{"fallbackValue":"var(--sds-c-tabs-panel-spacing-inline, 0)","category":"Spacing","valueType":"Dimension"}}