{"--sds-c-card-spacing-block-start":{"fallbackValue":"var(--sds-c-card-spacing-block, 0)","category":"Spacing","valueType":"Dimension"},"--sds-c-card-spacing-inline-end":{"fallbackValue":"var(--sds-c-card-spacing-inline, 0)","category":"Spacing","valueType":"Dimension"},"--sds-c-card-spacing-block-end":{"fallbackValue":"var(--sds-c-card-spacing-block, 0)","category":"Spacing","valueType":"Dimension"},"--sds-c-card-spacing-inline-start":{"fallbackValue":"var(--sds-c-card-spacing-inline, 0)","category":"Spacing","valueType":"Dimension"},"--sds-c-card-color-background":{"fallbackValue":"white","category":"Color","valueType":"Color"},"--sds-c-card-sizing-border":{"fallbackValue":"1px","category":"Sizing","valueType":"Dimension"},"--sds-c-card-color-border":{"fallbackValue":"#dddbda","category":"Color","valueType":"Color"},"--sds-c-card-radius-border":{"fallbackValue":"0.25rem","category":"Radius","valueType":"Dimension"},"--sds-c-card-shadow":{"fallbackValue":"0 2px 2px 0 rgba(0, 0, 0, 0.1)","category":"Box Shadow","valueType":"String"},"--sds-c-card-text-color":{"fallbackValue":""},"--sds-c-card-header-spacing-block-start":{"fallbackValue":"var(--sds-c-card-header-spacing-block, 0.75rem)","category":"Spacing","valueType":"Dimension"},"--sds-c-card-header-spacing-inline-end":{"fallbackValue":"var(--sds-c-card-header-spacing-inline, 1rem)","category":"Spacing","valueType":"Dimension"},"--sds-c-card-header-spacing-block-end":{"fallbackValue":"var(--sds-c-card-header-spacing-block, 0)","category":"Spacing","valueType":"Dimension"},"--sds-c-card-header-spacing-inline-start":{"fallbackValue":"var(--sds-c-card-header-spacing-inline, 1rem)","category":"Spacing","valueType":"Dimension"},"--sds-c-card-heading-font-size":{"fallbackValue":"1rem","category":"Font","valueType":"Dimension"},"--sds-c-card-heading-font-weight":{"fallbackValue":"700","category":"Text","valueType":"StringNumber"},"--sds-c-card-body-spacing-block-start":{"fallbackValue":"var(--sds-c-card-body-spacing-block, 0.75rem)","category":"Spacing","valueType":"Dimension"},"--sds-c-card-body-spacing-block-end":{"fallbackValue":"var(--sds-c-card-body-spacing-block, 0.75rem)","category":"Spacing","valueType":"Dimension"},"--sds-c-card-body-spacing-inline-end":{"fallbackValue":"var(--sds-c-card-body-spacing-inline, 1rem)","category":"Spacing","valueType":"Dimension"},"--sds-c-card-body-spacing-inline-start":{"fallbackValue":"var(--sds-c-card-body-spacing-inline, 1rem)","category":"Spacing","valueType":"Dimension"},"--sds-c-card-footer-spacing-block-start":{"fallbackValue":"var(--sds-c-card-footer-spacing-block, 0.75rem)","category":"Spacing","valueType":"Dimension"},"--sds-c-card-footer-spacing-inline-end":{"fallbackValue":"var(--sds-c-card-footer-spacing-inline, 1rem)","category":"Spacing","valueType":"Dimension"},"--sds-c-card-footer-spacing-block-end":{"fallbackValue":"var(--sds-c-card-footer-spacing-block, 0.75rem)","category":"Spacing","valueType":"Dimension"},"--sds-c-card-footer-spacing-inline-start":{"fallbackValue":"var(--sds-c-card-footer-spacing-inline, 1rem)","category":"Spacing","valueType":"Dimension"},"--sds-c-card-footer-text-align":{"fallbackValue":"center"},"--sds-c-card-footer-font-size":{"fallbackValue":"0.8125rem","category":"Font","valueType":"Dimension"},"--sds-c-card-footer-sizing-border":{"fallbackValue":"1px","category":"Sizing","valueType":"Dimension"},"--sds-c-card-footer-color-border":{"fallbackValue":"#dddbda","category":"Color","valueType":"Color"}}