{"--sds-c-select-color-border":{"fallbackValue":"#dddbda","category":"Color","valueType":"Color"},"--sds-c-select-radius-border":{"fallbackValue":"0.25rem","category":"Radius","valueType":"Dimension"},"--sds-c-select-color-background":{"fallbackValue":"white","category":"Color","valueType":"Color"},"--sds-c-select-text-color":{"fallbackValue":""},"--sds-c-select-shadow":{"fallbackValue":"","category":"Box Shadow","valueType":"String"},"--sds-c-select-color-border-focus":{"fallbackValue":"#1b96ff","category":"Color","valueType":"Color"},"--sds-c-select-color-background-focus":{"fallbackValue":"white","category":"Color","valueType":"Color"},"--sds-c-select-text-color-focus":{"fallbackValue":""},"--sds-c-select-shadow-focus":{"fallbackValue":"0 0 3px #0176d3","category":"Box Shadow","valueType":"String"}}