{"--sds-c-toast-color-background":{"fallbackValue":"#706e6b","category":"Color","valueType":"Color"},"--sds-c-toast-text-color":{"fallbackValue":""},"--sds-c-toast-radius-border":{"fallbackValue":"0.25rem","category":"Radius","valueType":"Dimension"},"--sds-c-toast-spacing-block-start":{"fallbackValue":"0.75rem","category":"Spacing","valueType":"Dimension"},"--sds-c-toast-spacing-inline-end":{"fallbackValue":"3rem","category":"Spacing","valueType":"Dimension"},"--sds-c-toast-spacing-block-end":{"fallbackValue":"0.75rem","category":"Spacing","valueType":"Dimension"},"--sds-c-toast-spacing-inline-start":{"fallbackValue":"1.5rem","category":"Spacing","valueType":"Dimension"},"--sds-c-toast-sizing-min-width":{"fallbackValue":"30rem","category":"Sizing","valueType":"Dimension"}}