{"--sds-c-checkbox-radius-border":{"fallbackValue":"0.125rem","category":"Radius","valueType":"Dimension"},"--sds-c-checkbox-color-border":{"fallbackValue":"#dddbda","category":"Color","valueType":"Color"},"--sds-c-checkbox-color-background":{"fallbackValue":"white","category":"Color","valueType":"Color"},"--sds-c-checkbox-shadow":{"fallbackValue":"","category":"Box Shadow","valueType":"String"},"--sds-c-checkbox-color-border-checked":{"fallbackValue":"var(--sds-c-checkbox-color-border, #dddbda)","category":"Color","valueType":"Color"},"--sds-c-checkbox-color-background-checked":{"fallbackValue":"var(--sds-c-checkbox-color-background, white)","category":"Color","valueType":"Color"},"--sds-c-checkbox-mark-color-foreground":{"fallbackValue":"#0176d3","category":"Color","valueType":"Color"},"--sds-c-checkbox-color-border-focus":{"fallbackValue":"#1b96ff","category":"Color","valueType":"Color"},"--sds-c-checkbox-shadow-focus":{"fallbackValue":"0 0 3px #0176d3","category":"Box Shadow","valueType":"String"}}