{"--sds-c-textarea-sizing-min-height":{"fallbackValue":"","category":"Sizing","valueType":"Dimension"},"--sds-c-textarea-spacing-block-start":{"fallbackValue":"0.5rem","category":"Spacing","valueType":"Dimension"},"--sds-c-textarea-spacing-inline-end":{"fallbackValue":"0.75rem","category":"Spacing","valueType":"Dimension"},"--sds-c-textarea-spacing-block-end":{"fallbackValue":"0.5rem","category":"Spacing","valueType":"Dimension"},"--sds-c-textarea-spacing-inline-start":{"fallbackValue":"0.75rem","category":"Spacing","valueType":"Dimension"},"--sds-c-textarea-color-background":{"fallbackValue":"white","category":"Color","valueType":"Color"},"--sds-c-textarea-text-color":{"fallbackValue":""},"--sds-c-textarea-color-border":{"fallbackValue":"#dddbda","category":"Color","valueType":"Color"},"--sds-c-textarea-radius-border":{"fallbackValue":"0.25rem","category":"Radius","valueType":"Dimension"},"--sds-c-textarea-shadow":{"fallbackValue":"","category":"Box Shadow","valueType":"String"},"--sds-c-textarea-text-color-focus":{"fallbackValue":""},"--sds-c-textarea-color-background-focus":{"fallbackValue":"white","category":"Color","valueType":"Color"},"--sds-c-textarea-color-border-focus":{"fallbackValue":"#1b96ff","category":"Color","valueType":"Color"},"--sds-c-textarea-shadow-focus":{"fallbackValue":"0 0 3px #0176d3","category":"Box Shadow","valueType":"String"}}