{"--sds-c-accordion-sizing-border":{"fallbackValue":"1px","category":"Sizing","valueType":"Dimension"},"--sds-c-accordion-color-border":{"fallbackValue":"#dddbda","category":"Color","valueType":"Color"},"--sds-c-accordion-section-spacing-block-start":{"fallbackValue":"0.75rem","category":"Spacing","valueType":"Dimension"},"--sds-c-accordion-section-spacing-inline-end":{"fallbackValue":"0.75rem","category":"Spacing","valueType":"Dimension"},"--sds-c-accordion-section-spacing-block-end":{"fallbackValue":"0.75rem","category":"Spacing","valueType":"Dimension"},"--sds-c-accordion-section-spacing-inline-start":{"fallbackValue":"0.75rem","category":"Spacing","valueType":"Dimension"},"--sds-c-accordion-summary-color-background":{"fallbackValue":"transparent","category":"Color","valueType":"Color"},"--sds-c-accordion-heading-text-color":{"fallbackValue":"#080707"},"--sds-c-accordion-heading-font-size":{"fallbackValue":"1rem","category":"Font","valueType":"Dimension"},"--sds-c-accordion-heading-line-height":{"fallbackValue":"1.25","category":"Text","valueType":"Number"},"--sds-c-accordion-heading-text-color-hover":{"fallbackValue":"#014486"}}