{"--sds-c-pill-line-height":{"fallbackValue":"1.5","category":"Text","valueType":"Number"},"--sds-c-pill-spacing-block-start":{"fallbackValue":"0.125rem","category":"Spacing","valueType":"Dimension"},"--sds-c-pill-spacing-inline-end":{"fallbackValue":"0.125rem) + 2px","category":"Spacing","valueType":"Dimension"},"--sds-c-pill-spacing-block-end":{"fallbackValue":"0.125rem","category":"Spacing","valueType":"Dimension"},"--sds-c-pill-spacing-inline-start":{"fallbackValue":"0.125rem","category":"Spacing","valueType":"Dimension"},"--sds-c-pill-sizing-border":{"fallbackValue":"1px","category":"Sizing","valueType":"Dimension"},"--sds-c-pill-color-border":{"fallbackValue":"#dddbda","category":"Color","valueType":"Color"},"--sds-c-pill-radius-border":{"fallbackValue":"0.25rem","category":"Radius","valueType":"Dimension"},"--sds-c-pill-color-background":{"fallbackValue":"white","category":"Color","valueType":"Color"},"--sds-c-pill-color-background-hover":{"fallbackValue":"#fafaf9","category":"Color","valueType":"Color"},"--sds-c-pill-color-border-focus":{"fallbackValue":"#1b96ff","category":"Color","valueType":"Color"},"--sds-c-pill-shadow-focus":{"fallbackValue":"0 0 3px #0176d3","category":"Box Shadow","valueType":"String"},"--sds-c-pill-container-spacing-block-start":{"fallbackValue":"0.125rem","category":"Spacing","valueType":"Dimension"},"--sds-c-pill-container-spacing-inline-end":{"fallbackValue":"0.125rem","category":"Spacing","valueType":"Dimension"},"--sds-c-pill-container-spacing-block-end":{"fallbackValue":"0.125rem","category":"Spacing","valueType":"Dimension"},"--sds-c-pill-container-spacing-inline-start":{"fallbackValue":"0.125rem","category":"Spacing","valueType":"Dimension"},"--sds-c-pill-container-color-background":{"fallbackValue":"white","category":"Color","valueType":"Color"},"--sds-c-pill-label-shadow-focus":{"fallbackValue":"0 0 3px #0176d3","category":"Box Shadow","valueType":"String"},"--sds-c-pill-action-color-border":{"fallbackValue":"#1b96ff","category":"Color","valueType":"Color"},"--sds-c-pill-action-shadow":{"fallbackValue":"0 0 3px #0176d3","category":"Box Shadow","valueType":"String"},"--sds-c-pill-error-color-border":{"fallbackValue":"#ea001e","category":"Color","valueType":"Color"},"--sds-c-pill-error-color-border-active":{"fallbackValue":"#ea001e","category":"Color","valueType":"Color"},"--sds-c-pill-error-text-color":{"fallbackValue":"#ea001e"}}